simulation_id,crop_type,growth_stage,system_type,day,ph,ec,air_temperature_c,water_temperature_c,humidity_percent,co2_ppm,water_level_percent,light_hours,stress_score,predicted_yield_score,risk_level,status,source_profile,created_at
sim_0001,lettuce,seedling,nft,3,6.14,1.16,19.93,19.14,59,744,78,14,7,92,low,stable,osu_hydroponics_lettuce_profile,2026-06-08T12:00:00Z
sim_0002,lettuce,seedling,nft,1,5.89,1.2,20.51,19.96,62,813,92,15,9,90,low,stable,osu_hydroponics_lettuce_profile,2026-06-08T12:01:00Z
sim_0003,lettuce,seedling,nft,4,5.92,1.14,18.69,18.01,57,734,88,15,10,88,low,stable,osu_hydroponics_lettuce_profile,2026-06-08T12:02:00Z
sim_0004,lettuce,seedling,nft,8,6.03,1.24,19.64,18.26,62,783,81,13,6,93,low,stable,osu_hydroponics_lettuce_profile,2026-06-08T12:03:00Z
sim_0005,lettuce,seedling,nft,3,6.13,1.22,20.3,19.66,57,832,84,14,6,93,low,stable,osu_hydroponics_lettuce_profile,2026-06-08T12:04:00Z
sim_0006,lettuce,seedling,nft,4,5.59,0.86,17.31,20.79,52,621,100,12,33,62,medium,warning,osu_hydroponics_lettuce_profile,2026-06-08T12:05:00Z
sim_0007,lettuce,seedling,nft,7,5.54,1.5,23.4,16.03,72,609,70,15,37,57,medium,warning,osu_hydroponics_lettuce_profile,2026-06-08T12:06:00Z
sim_0008,lettuce,seedling,nft,6,6.42,1.48,16.27,17.25,47,591,72,16,37,57,medium,warning,osu_hydroponics_lettuce_profile,2026-06-08T12:07:00Z
sim_0009,lettuce,seedling,nft,1,6.51,0.86,23.97,16.52,71,950,64,16,41,53,medium,warning,osu_hydroponics_lettuce_profile,2026-06-08T12:08:00Z
sim_0010,lettuce,seedling,nft,3,5.47,0.83,23.31,20.75,73,628,67,16,40,54,medium,warning,osu_hydroponics_lettuce_profile,2026-06-08T12:09:00Z
sim_0011,lettuce,seedling,nft,5,5.32,1.88,25.62,23.86,37,1200,100,11,64,26,high,critical,osu_hydroponics_lettuce_profile,2026-06-08T12:10:00Z
sim_0012,lettuce,seedling,nft,2,6.7,0.56,24.74,23.26,42,1176,56,18,65,25,high,critical,osu_hydroponics_lettuce_profile,2026-06-08T12:11:00Z
sim_0013,lettuce,seedling,nft,4,7.02,1.83,14.59,13.85,41,498,100,18,68,22,high,critical,osu_hydroponics_lettuce_profile,2026-06-08T12:12:00Z
sim_0014,lettuce,seedling,nft,7,6.84,1.7,15.77,23.49,36,403,60,10,65,25,high,critical,osu_hydroponics_lettuce_profile,2026-06-08T12:13:00Z
sim_0015,lettuce,seedling,nft,5,5.25,1.88,24.36,13.56,44,1059,54,12,63,28,high,critical,osu_hydroponics_lettuce_profile,2026-06-08T12:14:00Z
sim_0016,lettuce,seedling,dwc,8,6.02,1.3,21.47,19.35,59,850,83,14,8,91,low,stable,osu_hydroponics_lettuce_profile,2026-06-08T12:15:00Z
sim_0017,lettuce,seedling,dwc,4,5.92,1.16,20.15,19.28,63,819,89,15,7,92,low,stable,osu_hydroponics_lettuce_profile,2026-06-08T12:16:00Z
sim_0018,lettuce,seedling,dwc,9,6.0,1.32,21.37,19.75,64,868,81,14,9,90,low,stable,osu_hydroponics_lettuce_profile,2026-06-08T12:17:00Z
sim_0019,lettuce,seedling,dwc,1,6.12,1.19,20.31,19.07,64,837,89,14,7,92,low,stable,osu_hydroponics_lettuce_profile,2026-06-08T12:18:00Z
sim_0020,lettuce,seedling,dwc,4,6.1,1.26,21.43,18.34,65,856,79,15,12,86,low,stable,osu_hydroponics_lettuce_profile,2026-06-08T12:19:00Z
sim_0021,lettuce,seedling,dwc,7,5.64,1.48,17.23,21.47,71,1003,100,12,34,61,medium,warning,osu_hydroponics_lettuce_profile,2026-06-08T12:20:00Z
sim_0022,lettuce,seedling,dwc,7,6.4,0.75,17.38,16.74,72,663,66,16,38,56,medium,warning,osu_hydroponics_lettuce_profile,2026-06-08T12:21:00Z
sim_0023,lettuce,seedling,dwc,10,5.6,1.54,23.78,21.51,46,991,100,12,39,55,medium,warning,osu_hydroponics_lettuce_profile,2026-06-08T12:22:00Z
sim_0024,lettuce,seedling,dwc,7,6.42,0.89,17.03,16.78,74,1020,100,16,38,56,medium,warning,osu_hydroponics_lettuce_profile,2026-06-08T12:23:00Z
sim_0025,lettuce,seedling,dwc,7,5.69,1.52,22.91,21.97,70,992,97,12,33,62,medium,warning,osu_hydroponics_lettuce_profile,2026-06-08T12:24:00Z
sim_0026,lettuce,seedling,dwc,1,5.03,1.96,13.63,24.03,78,418,63,10,74,15,high,critical,osu_hydroponics_lettuce_profile,2026-06-08T12:25:00Z
sim_0027,lettuce,seedling,dwc,2,5.29,1.8,14.1,15.95,77,1197,54,18,65,25,high,critical,osu_hydroponics_lettuce_profile,2026-06-08T12:26:00Z
sim_0028,lettuce,seedling,dwc,10,7.07,0.51,15.49,23.92,79,1200,100,11,67,23,high,critical,osu_hydroponics_lettuce_profile,2026-06-08T12:27:00Z
sim_0029,lettuce,seedling,dwc,2,6.82,0.5,13.31,24.07,81,439,100,12,67,23,high,critical,osu_hydroponics_lettuce_profile,2026-06-08T12:28:00Z
sim_0030,lettuce,seedling,dwc,9,5.23,1.86,15.12,24.21,84,433,100,17,64,26,high,critical,osu_hydroponics_lettuce_profile,2026-06-08T12:29:00Z
sim_0031,lettuce,seedling,aeroponics,5,6.14,1.07,21.43,19.05,64,807,89,14,10,88,low,stable,osu_hydroponics_lettuce_profile,2026-06-08T12:30:00Z
sim_0032,lettuce,seedling,aeroponics,7,6.01,1.13,20.38,18.87,61,721,84,15,6,93,low,stable,osu_hydroponics_lettuce_profile,2026-06-08T12:31:00Z
sim_0033,lettuce,seedling,aeroponics,4,5.93,1.27,18.92,19.6,57,865,87,14,8,91,low,stable,osu_hydroponics_lettuce_profile,2026-06-08T12:32:00Z
sim_0034,lettuce,seedling,aeroponics,4,6.12,1.09,19.66,19.18,61,756,87,14,7,92,low,stable,osu_hydroponics_lettuce_profile,2026-06-08T12:33:00Z
sim_0035,lettuce,seedling,aeroponics,3,6.11,1.32,18.56,19.56,62,777,87,13,10,88,low,stable,osu_hydroponics_lettuce_profile,2026-06-08T12:34:00Z
sim_0036,lettuce,seedling,aeroponics,2,5.5,1.56,17.62,21.7,70,1008,100,16,38,56,medium,warning,osu_hydroponics_lettuce_profile,2026-06-08T12:35:00Z
sim_0037,lettuce,seedling,aeroponics,6,6.41,1.52,23.6,17.3,72,661,72,16,35,60,medium,warning,osu_hydroponics_lettuce_profile,2026-06-08T12:36:00Z
sim_0038,lettuce,seedling,aeroponics,6,5.68,1.59,17.3,21.12,73,926,70,12,34,61,medium,warning,osu_hydroponics_lettuce_profile,2026-06-08T12:37:00Z
sim_0039,lettuce,seedling,aeroponics,8,5.5,0.88,23.24,21.71,72,925,72,16,38,56,medium,warning,osu_hydroponics_lettuce_profile,2026-06-08T12:38:00Z
sim_0040,lettuce,seedling,aeroponics,5,6.4,1.63,22.73,21.47,70,608,100,16,37,57,medium,warning,osu_hydroponics_lettuce_profile,2026-06-08T12:39:00Z
sim_0041,lettuce,seedling,aeroponics,10,7.07,1.72,24.81,23.9,43,408,100,10,65,25,high,critical,osu_hydroponics_lettuce_profile,2026-06-08T12:40:00Z
sim_0042,lettuce,seedling,aeroponics,6,6.86,0.52,14.16,23.87,35,442,55,18,73,16,high,critical,osu_hydroponics_lettuce_profile,2026-06-08T12:41:00Z
sim_0043,lettuce,seedling,aeroponics,4,7.06,0.5,25.68,15.69,81,1085,100,10,67,23,high,critical,osu_hydroponics_lettuce_profile,2026-06-08T12:42:00Z
sim_0044,lettuce,seedling,aeroponics,8,5.39,0.56,14.47,22.43,77,553,100,11,56,36,medium,warning,osu_hydroponics_lettuce_profile,2026-06-08T12:43:00Z
sim_0045,lettuce,seedling,aeroponics,1,6.75,0.53,13.25,22.76,43,1142,100,10,64,26,high,critical,osu_hydroponics_lettuce_profile,2026-06-08T12:44:00Z
sim_0046,lettuce,seedling,vertical,9,5.91,1.31,18.6,19.9,59,864,86,13,10,88,low,stable,osu_hydroponics_lettuce_profile,2026-06-08T12:45:00Z
sim_0047,lettuce,seedling,vertical,7,5.86,1.19,19.88,19.63,57,852,85,14,7,92,low,stable,osu_hydroponics_lettuce_profile,2026-06-08T12:46:00Z
sim_0048,lettuce,seedling,vertical,2,6.09,1.14,19.05,19.07,57,726,83,14,7,92,low,stable,osu_hydroponics_lettuce_profile,2026-06-08T12:47:00Z
sim_0049,lettuce,seedling,vertical,5,5.99,1.25,21.09,19.57,56,844,88,14,8,91,low,stable,osu_hydroponics_lettuce_profile,2026-06-08T12:48:00Z
sim_0050,lettuce,seedling,vertical,4,6.06,1.17,19.61,19.85,60,723,93,13,8,91,low,stable,osu_hydroponics_lettuce_profile,2026-06-08T12:49:00Z
sim_0051,lettuce,seedling,vertical,6,5.63,1.47,17.3,21.85,71,990,65,16,35,60,medium,warning,osu_hydroponics_lettuce_profile,2026-06-08T12:50:00Z
sim_0052,lettuce,seedling,vertical,7,5.67,0.78,23.33,21.31,72,585,100,16,37,57,medium,warning,osu_hydroponics_lettuce_profile,2026-06-08T12:51:00Z
sim_0053,lettuce,seedling,vertical,5,6.45,0.86,16.14,17.05,51,585,99,12,37,57,medium,warning,osu_hydroponics_lettuce_profile,2026-06-08T12:52:00Z
sim_0054,lettuce,seedling,vertical,7,5.47,0.79,16.36,16.88,46,1006,68,12,41,53,medium,warning,osu_hydroponics_lettuce_profile,2026-06-08T12:53:00Z
sim_0055,lettuce,seedling,vertical,10,6.33,0.79,22.93,20.75,52,665,100,16,32,63,medium,warning,osu_hydroponics_lettuce_profile,2026-06-08T12:54:00Z
sim_0056,lettuce,seedling,vertical,6,5.26,2.09,15.85,23.92,81,1104,100,10,65,25,high,critical,osu_hydroponics_lettuce_profile,2026-06-08T12:55:00Z
sim_0057,lettuce,seedling,vertical,10,5.35,0.54,24.75,14.58,81,500,100,11,59,32,medium,warning,osu_hydroponics_lettuce_profile,2026-06-08T12:56:00Z
sim_0058,lettuce,seedling,vertical,5,6.76,0.5,26.14,22.36,83,385,48,10,72,17,high,critical,osu_hydroponics_lettuce_profile,2026-06-08T12:57:00Z
sim_0059,lettuce,seedling,vertical,3,5.27,1.93,13.53,15.96,85,474,56,11,68,22,high,critical,osu_hydroponics_lettuce_profile,2026-06-08T12:58:00Z
sim_0060,lettuce,seedling,vertical,1,5.17,1.91,14.15,14.08,75,1098,100,11,64,26,high,critical,osu_hydroponics_lettuce_profile,2026-06-08T12:59:00Z
sim_0061,lettuce,vegetative,nft,33,5.85,1.28,20.36,18.1,59,781,80,13,9,90,low,stable,osu_hydroponics_lettuce_profile,2026-06-08T13:00:00Z
sim_0062,lettuce,vegetative,nft,23,6.06,1.06,20.22,19.26,65,800,80,14,7,92,low,stable,osu_hydroponics_lettuce_profile,2026-06-08T13:01:00Z
sim_0063,lettuce,vegetative,nft,25,6.1,1.17,21.37,19.51,58,809,87,14,7,92,low,stable,osu_hydroponics_lettuce_profile,2026-06-08T13:02:00Z
sim_0064,lettuce,vegetative,nft,24,5.91,1.28,21.44,18.65,63,776,80,14,10,88,low,stable,osu_hydroponics_lettuce_profile,2026-06-08T13:03:00Z
sim_0065,lettuce,vegetative,nft,21,6.07,1.24,21.36,19.42,63,832,83,15,8,91,low,stable,osu_hydroponics_lettuce_profile,2026-06-08T13:04:00Z
sim_0066,lettuce,vegetative,nft,23,5.61,0.92,16.89,16.32,52,593,100,16,34,61,medium,warning,osu_hydroponics_lettuce_profile,2026-06-08T13:05:00Z
sim_0067,lettuce,vegetative,nft,22,6.34,0.88,16.62,20.94,72,638,100,16,35,60,medium,warning,osu_hydroponics_lettuce_profile,2026-06-08T13:06:00Z
sim_0068,lettuce,vegetative,nft,29,5.54,1.59,22.31,21.44,47,641,100,12,37,57,medium,warning,osu_hydroponics_lettuce_profile,2026-06-08T13:07:00Z
sim_0069,lettuce,vegetative,nft,16,6.4,1.61,23.19,16.91,69,956,72,16,36,59,medium,warning,osu_hydroponics_lettuce_profile,2026-06-08T13:08:00Z
sim_0070,lettuce,vegetative,nft,14,6.37,0.82,16.11,17.31,48,998,70,12,37,57,medium,warning,osu_hydroponics_lettuce_profile,2026-06-08T13:09:00Z
sim_0071,lettuce,vegetative,nft,23,5.35,0.54,24.14,15.42,36,400,100,10,61,30,high,critical,osu_hydroponics_lettuce_profile,2026-06-08T13:10:00Z
sim_0072,lettuce,vegetative,nft,13,6.75,0.6,13.51,13.98,45,557,100,17,61,30,high,critical,osu_hydroponics_lettuce_profile,2026-06-08T13:11:00Z
sim_0073,lettuce,vegetative,nft,35,5.29,0.6,24.38,14.2,86,385,58,17,65,25,high,critical,osu_hydroponics_lettuce_profile,2026-06-08T13:12:00Z
sim_0074,lettuce,vegetative,nft,28,6.89,1.72,15.64,14.97,40,453,100,17,61,30,high,critical,osu_hydroponics_lettuce_profile,2026-06-08T13:13:00Z
sim_0075,lettuce,vegetative,nft,32,7.0,0.5,15.34,22.75,38,1190,100,18,68,22,high,critical,osu_hydroponics_lettuce_profile,2026-06-08T13:14:00Z
sim_0076,lettuce,vegetative,dwc,28,5.95,1.12,21.2,18.26,59,739,90,15,10,88,low,stable,osu_hydroponics_lettuce_profile,2026-06-08T13:15:00Z
sim_0077,lettuce,vegetative,dwc,27,5.96,1.1,18.73,19.62,57,733,77,14,10,88,low,stable,osu_hydroponics_lettuce_profile,2026-06-08T13:16:00Z
sim_0078,lettuce,vegetative,dwc,27,6.11,1.31,20.5,19.83,62,806,90,15,9,90,low,stable,osu_hydroponics_lettuce_profile,2026-06-08T13:17:00Z
sim_0079,lettuce,vegetative,dwc,30,6.03,1.19,20.28,19.34,62,811,82,15,5,94,low,stable,osu_hydroponics_lettuce_profile,2026-06-08T13:18:00Z
sim_0080,lettuce,vegetative,dwc,21,5.86,1.31,20.9,19.72,61,791,79,14,9,90,low,stable,osu_hydroponics_lettuce_profile,2026-06-08T13:19:00Z
sim_0081,lettuce,vegetative,dwc,35,5.68,1.54,16.02,16.23,72,635,100,16,37,57,medium,warning,osu_hydroponics_lettuce_profile,2026-06-08T13:20:00Z
sim_0082,lettuce,vegetative,dwc,24,6.49,1.64,22.86,17.18,72,965,64,12,40,54,medium,warning,osu_hydroponics_lettuce_profile,2026-06-08T13:21:00Z
sim_0083,lettuce,vegetative,dwc,16,5.69,1.57,17.57,21.34,69,600,70,12,33,62,medium,warning,osu_hydroponics_lettuce_profile,2026-06-08T13:22:00Z
sim_0084,lettuce,vegetative,dwc,27,5.64,1.58,16.04,16.99,50,622,100,12,36,59,medium,warning,osu_hydroponics_lettuce_profile,2026-06-08T13:23:00Z
sim_0085,lettuce,vegetative,dwc,24,6.49,0.79,16.01,16.76,52,960,100,12,39,55,medium,warning,osu_hydroponics_lettuce_profile,2026-06-08T13:24:00Z
sim_0086,lettuce,vegetative,dwc,11,7.05,0.5,13.18,13.54,44,486,100,16,69,21,high,critical,osu_hydroponics_lettuce_profile,2026-06-08T13:25:00Z
sim_0087,lettuce,vegetative,dwc,29,5.05,1.87,26.52,14.3,44,1178,100,10,69,21,high,critical,osu_hydroponics_lettuce_profile,2026-06-08T13:26:00Z
sim_0088,lettuce,vegetative,dwc,18,7.02,1.84,24.37,23.89,44,1087,100,10,64,26,high,critical,osu_hydroponics_lettuce_profile,2026-06-08T13:27:00Z
sim_0089,lettuce,vegetative,dwc,12,5.1,1.74,15.85,14.69,39,1036,58,17,63,28,high,critical,osu_hydroponics_lettuce_profile,2026-06-08T13:28:00Z
sim_0090,lettuce,vegetative,dwc,27,6.73,0.5,24.54,15.14,83,539,59,17,63,28,high,critical,osu_hydroponics_lettuce_profile,2026-06-08T13:29:00Z
sim_0091,lettuce,vegetative,aeroponics,32,6.13,1.28,19.2,19.71,56,853,90,14,10,88,low,stable,osu_hydroponics_lettuce_profile,2026-06-08T13:30:00Z
sim_0092,lettuce,vegetative,aeroponics,16,5.94,1.08,18.52,18.7,57,805,88,14,8,91,low,stable,osu_hydroponics_lettuce_profile,2026-06-08T13:31:00Z
sim_0093,lettuce,vegetative,aeroponics,29,6.0,1.1,20.11,18.96,63,838,81,14,5,94,low,stable,osu_hydroponics_lettuce_profile,2026-06-08T13:32:00Z
sim_0094,lettuce,vegetative,aeroponics,25,5.95,1.28,19.59,19.69,58,821,85,13,6,93,low,stable,osu_hydroponics_lettuce_profile,2026-06-08T13:33:00Z
sim_0095,lettuce,vegetative,aeroponics,28,5.94,1.23,21.06,18.31,57,876,91,14,9,90,low,stable,osu_hydroponics_lettuce_profile,2026-06-08T13:34:00Z
sim_0096,lettuce,vegetative,aeroponics,16,5.51,1.5,16.51,16.8,73,667,100,12,37,57,medium,warning,osu_hydroponics_lettuce_profile,2026-06-08T13:35:00Z
sim_0097,lettuce,vegetative,aeroponics,18,6.43,0.8,23.53,21.58,71,996,67,12,40,54,medium,warning,osu_hydroponics_lettuce_profile,2026-06-08T13:36:00Z
sim_0098,lettuce,vegetative,aeroponics,31,6.48,1.57,16.74,16.8,50,1013,72,16,38,56,medium,warning,osu_hydroponics_lettuce_profile,2026-06-08T13:37:00Z
sim_0099,lettuce,vegetative,aeroponics,23,6.32,0.81,23.99,17.15,71,941,100,12,35,60,medium,warning,osu_hydroponics_lettuce_profile,2026-06-08T13:38:00Z
sim_0100,lettuce,vegetative,aeroponics,18,5.5,0.87,17.4,21.58,49,924,99,16,35,60,medium,warning,osu_hydroponics_lettuce_profile,2026-06-08T13:39:00Z
sim_0101,lettuce,vegetative,aeroponics,15,6.64,2.0,24.36,14.8,79,1090,100,17,59,32,medium,warning,osu_hydroponics_lettuce_profile,2026-06-08T13:40:00Z
sim_0102,lettuce,vegetative,aeroponics,12,4.95,0.5,24.55,15.67,79,1058,62,18,65,25,high,critical,osu_hydroponics_lettuce_profile,2026-06-08T13:41:00Z
sim_0103,lettuce,vegetative,aeroponics,19,5.12,1.76,25.23,14.39,40,1082,100,18,63,28,high,critical,osu_hydroponics_lettuce_profile,2026-06-08T13:42:00Z
sim_0104,lettuce,vegetative,aeroponics,29,4.99,1.98,24.52,24.44,43,480,100,17,68,22,high,critical,osu_hydroponics_lettuce_profile,2026-06-08T13:43:00Z
sim_0105,lettuce,vegetative,aeroponics,13,4.97,1.85,25.82,15.78,41,434,100,10,67,23,high,critical,osu_hydroponics_lettuce_profile,2026-06-08T13:44:00Z
sim_0106,lettuce,vegetative,vertical,33,6.09,1.2,20.74,18.96,64,814,93,13,8,91,low,stable,osu_hydroponics_lettuce_profile,2026-06-08T13:45:00Z
sim_0107,lettuce,vegetative,vertical,17,5.95,1.06,20.41,19.66,55,735,88,14,9,90,low,stable,osu_hydroponics_lettuce_profile,2026-06-08T13:46:00Z
sim_0108,lettuce,vegetative,vertical,24,6.05,1.31,19.55,18.57,63,753,88,14,7,92,low,stable,osu_hydroponics_lettuce_profile,2026-06-08T13:47:00Z
sim_0109,lettuce,vegetative,vertical,12,5.96,1.31,19.6,19.38,63,824,86,15,6,93,low,stable,osu_hydroponics_lettuce_profile,2026-06-08T13:48:00Z
sim_0110,lettuce,vegetative,vertical,30,5.87,1.09,19.04,18.26,64,857,89,15,12,86,low,stable,osu_hydroponics_lettuce_profile,2026-06-08T13:49:00Z
sim_0111,lettuce,vegetative,vertical,22,5.58,0.92,17.77,16.55,69,937,100,12,33,62,medium,warning,osu_hydroponics_lettuce_profile,2026-06-08T13:50:00Z
sim_0112,lettuce,vegetative,vertical,28,6.47,0.76,16.74,21.83,72,646,100,16,39,55,medium,warning,osu_hydroponics_lettuce_profile,2026-06-08T13:51:00Z
sim_0113,lettuce,vegetative,vertical,25,5.68,1.62,23.61,21.28,51,585,100,16,37,57,medium,warning,osu_hydroponics_lettuce_profile,2026-06-08T13:52:00Z
sim_0114,lettuce,vegetative,vertical,14,5.47,0.94,23.37,16.22,71,646,63,12,40,54,medium,warning,osu_hydroponics_lettuce_profile,2026-06-08T13:53:00Z
sim_0115,lettuce,vegetative,vertical,18,6.42,1.56,23.69,17.11,51,1007,70,16,37,57,medium,warning,osu_hydroponics_lettuce_profile,2026-06-08T13:54:00Z
sim_0116,lettuce,vegetative,vertical,18,4.92,0.51,15.19,14.39,75,1040,48,11,69,21,high,critical,osu_hydroponics_lettuce_profile,2026-06-08T13:55:00Z
sim_0117,lettuce,vegetative,vertical,15,7.04,0.55,13.07,14.73,77,438,100,17,68,22,high,critical,osu_hydroponics_lettuce_profile,2026-06-08T13:56:00Z
sim_0118,lettuce,vegetative,vertical,23,5.11,0.5,24.94,14.21,44,1052,100,17,63,28,high,critical,osu_hydroponics_lettuce_profile,2026-06-08T13:57:00Z
sim_0119,lettuce,vegetative,vertical,27,6.8,1.77,15.17,14.27,36,382,100,11,63,28,high,critical,osu_hydroponics_lettuce_profile,2026-06-08T13:58:00Z
sim_0120,lettuce,vegetative,vertical,20,5.31,1.92,25.23,23.43,81,459,49,16,67,23,high,critical,osu_hydroponics_lettuce_profile,2026-06-08T13:59:00Z
sim_0121,lettuce,harvest_ready,nft,42,6.11,1.25,21.17,19.66,59,797,88,14,7,92,low,stable,osu_hydroponics_lettuce_profile,2026-06-08T14:00:00Z
sim_0122,lettuce,harvest_ready,nft,40,6.03,1.29,18.83,19.73,65,768,78,13,11,87,low,stable,osu_hydroponics_lettuce_profile,2026-06-08T14:01:00Z
sim_0123,lettuce,harvest_ready,nft,40,6.01,1.1,20.9,19.51,64,828,84,14,6,93,low,stable,osu_hydroponics_lettuce_profile,2026-06-08T14:02:00Z
sim_0124,lettuce,harvest_ready,nft,43,5.99,1.32,20.21,18.56,61,849,87,14,5,94,low,stable,osu_hydroponics_lettuce_profile,2026-06-08T14:03:00Z
sim_0125,lettuce,harvest_ready,nft,45,6.05,1.28,21.42,18.23,62,808,92,15,10,88,low,stable,osu_hydroponics_lettuce_profile,2026-06-08T14:04:00Z
sim_0126,lettuce,harvest_ready,nft,45,5.46,0.76,16.15,21.11,47,656,71,16,41,53,medium,warning,osu_hydroponics_lettuce_profile,2026-06-08T14:05:00Z
sim_0127,lettuce,harvest_ready,nft,43,6.38,1.62,22.9,16.16,71,640,68,16,37,57,medium,warning,osu_hydroponics_lettuce_profile,2026-06-08T14:06:00Z
sim_0128,lettuce,harvest_ready,nft,41,6.44,1.6,17.27,21.61,74,932,72,16,36,59,medium,warning,osu_hydroponics_lettuce_profile,2026-06-08T14:07:00Z
sim_0129,lettuce,harvest_ready,nft,37,5.62,0.84,17.02,21.62,71,620,72,13,35,60,medium,warning,osu_hydroponics_lettuce_profile,2026-06-08T14:08:00Z
sim_0130,lettuce,harvest_ready,nft,43,6.5,1.51,22.65,21.26,46,656,64,16,38,56,medium,warning,osu_hydroponics_lettuce_profile,2026-06-08T14:09:00Z
sim_0131,lettuce,harvest_ready,nft,42,7.04,0.63,15.36,22.13,43,464,51,11,66,24,high,critical,osu_hydroponics_lettuce_profile,2026-06-08T14:10:00Z
sim_0132,lettuce,harvest_ready,nft,44,4.92,0.5,26.85,15.76,76,461,100,11,66,24,high,critical,osu_hydroponics_lettuce_profile,2026-06-08T14:11:00Z
sim_0133,lettuce,harvest_ready,nft,41,6.83,0.5,14.58,24.42,78,1176,61,16,67,23,high,critical,osu_hydroponics_lettuce_profile,2026-06-08T14:12:00Z
sim_0134,lettuce,harvest_ready,nft,36,7.09,0.55,15.69,15.48,35,469,59,11,68,22,high,critical,osu_hydroponics_lettuce_profile,2026-06-08T14:13:00Z
sim_0135,lettuce,harvest_ready,nft,42,5.36,0.5,24.7,14.4,75,526,61,17,60,31,high,critical,osu_hydroponics_lettuce_profile,2026-06-08T14:14:00Z
sim_0136,lettuce,harvest_ready,dwc,36,5.85,1.24,18.65,19.61,63,751,78,13,12,86,low,stable,osu_hydroponics_lettuce_profile,2026-06-08T14:15:00Z
sim_0137,lettuce,harvest_ready,dwc,42,6.1,1.05,21.06,19.94,57,845,89,15,11,87,low,stable,osu_hydroponics_lettuce_profile,2026-06-08T14:16:00Z
sim_0138,lettuce,harvest_ready,dwc,43,6.02,1.08,20.24,19.27,64,826,90,14,6,93,low,stable,osu_hydroponics_lettuce_profile,2026-06-08T14:17:00Z
sim_0139,lettuce,harvest_ready,dwc,41,5.96,1.15,19.57,19.13,64,742,91,14,7,92,low,stable,osu_hydroponics_lettuce_profile,2026-06-08T14:18:00Z
sim_0140,lettuce,harvest_ready,dwc,43,6.03,1.14,19.6,19.37,60,736,89,13,6,93,low,stable,osu_hydroponics_lettuce_profile,2026-06-08T14:19:00Z
sim_0141,lettuce,harvest_ready,dwc,44,6.43,1.51,16.82,21.22,50,614,67,13,35,60,medium,warning,osu_hydroponics_lettuce_profile,2026-06-08T14:20:00Z
sim_0142,lettuce,harvest_ready,dwc,44,6.33,0.84,17.76,16.81,47,673,67,16,34,61,medium,warning,osu_hydroponics_lettuce_profile,2026-06-08T14:21:00Z
sim_0143,lettuce,harvest_ready,dwc,41,5.54,1.57,22.81,16.55,69,673,100,15,35,60,medium,warning,osu_hydroponics_lettuce_profile,2026-06-08T14:22:00Z
sim_0144,lettuce,harvest_ready,dwc,42,5.58,1.45,17.02,16.75,70,668,70,12,33,62,medium,warning,osu_hydroponics_lettuce_profile,2026-06-08T14:23:00Z
sim_0145,lettuce,harvest_ready,dwc,45,6.54,0.95,16.48,20.99,68,958,100,16,36,59,medium,warning,osu_hydroponics_lettuce_profile,2026-06-08T14:24:00Z
sim_0146,lettuce,harvest_ready,dwc,39,5.04,0.5,23.96,22.38,86,1128,49,11,70,20,high,critical,osu_hydroponics_lettuce_profile,2026-06-08T14:25:00Z
sim_0147,lettuce,harvest_ready,dwc,36,6.83,0.65,25.96,15.9,43,487,100,18,61,30,high,critical,osu_hydroponics_lettuce_profile,2026-06-08T14:26:00Z
sim_0148,lettuce,harvest_ready,dwc,38,5.07,0.5,26.91,15.77,75,438,100,10,66,24,high,critical,osu_hydroponics_lettuce_profile,2026-06-08T14:27:00Z
sim_0149,lettuce,harvest_ready,dwc,39,7.02,1.98,13.46,23.62,38,553,55,11,73,16,high,critical,osu_hydroponics_lettuce_profile,2026-06-08T14:28:00Z
sim_0150,lettuce,harvest_ready,dwc,36,6.82,0.53,25.77,24.24,82,1100,100,12,64,26,high,critical,osu_hydroponics_lettuce_profile,2026-06-08T14:29:00Z
sim_0151,lettuce,harvest_ready,aeroponics,39,5.97,1.35,19.85,19.26,56,764,81,14,7,92,low,stable,osu_hydroponics_lettuce_profile,2026-06-08T14:30:00Z
sim_0152,lettuce,harvest_ready,aeroponics,40,6.13,1.1,18.58,18.28,56,724,88,14,11,87,low,stable,osu_hydroponics_lettuce_profile,2026-06-08T14:31:00Z
sim_0153,lettuce,harvest_ready,aeroponics,45,6.04,1.32,19.43,19.34,58,855,87,14,7,92,low,stable,osu_hydroponics_lettuce_profile,2026-06-08T14:32:00Z
sim_0154,lettuce,harvest_ready,aeroponics,42,6.03,1.13,20.98,18.08,60,864,88,14,8,91,low,stable,osu_hydroponics_lettuce_profile,2026-06-08T14:33:00Z
sim_0155,lettuce,harvest_ready,aeroponics,40,6.12,1.07,21.04,19.78,55,831,92,13,13,85,low,stable,osu_hydroponics_lettuce_profile,2026-06-08T14:34:00Z
sim_0156,lettuce,harvest_ready,aeroponics,43,6.42,0.91,16.21,20.85,52,955,100,16,35,60,medium,warning,osu_hydroponics_lettuce_profile,2026-06-08T14:35:00Z
sim_0157,lettuce,harvest_ready,aeroponics,37,6.35,1.61,17.52,16.2,48,648,99,12,35,60,medium,warning,osu_hydroponics_lettuce_profile,2026-06-08T14:36:00Z
sim_0158,lettuce,harvest_ready,aeroponics,39,6.33,0.92,22.63,21.16,69,1005,69,12,32,63,medium,warning,osu_hydroponics_lettuce_profile,2026-06-08T14:37:00Z
sim_0159,lettuce,harvest_ready,aeroponics,38,5.57,1.54,22.3,16.29,51,952,100,13,34,61,medium,warning,osu_hydroponics_lettuce_profile,2026-06-08T14:38:00Z
sim_0160,lettuce,harvest_ready,aeroponics,39,5.64,0.93,22.58,20.91,47,648,100,16,33,62,medium,warning,osu_hydroponics_lettuce_profile,2026-06-08T14:39:00Z
sim_0161,lettuce,harvest_ready,aeroponics,41,4.99,0.67,15.62,15.33,42,420,59,18,66,24,high,critical,osu_hydroponics_lettuce_profile,2026-06-08T14:40:00Z
sim_0162,lettuce,harvest_ready,aeroponics,39,5.26,0.68,26.09,14.23,81,1170,100,18,63,28,high,critical,osu_hydroponics_lettuce_profile,2026-06-08T14:41:00Z
sim_0163,lettuce,harvest_ready,aeroponics,40,6.83,1.82,13.72,14.64,85,1051,58,11,68,22,high,critical,osu_hydroponics_lettuce_profile,2026-06-08T14:42:00Z
sim_0164,lettuce,harvest_ready,aeroponics,37,6.82,0.5,24.68,22.21,76,1200,45,12,66,24,high,critical,osu_hydroponics_lettuce_profile,2026-06-08T14:43:00Z
sim_0165,lettuce,harvest_ready,aeroponics,40,4.93,1.88,25.4,15.25,45,1151,100,17,64,26,high,critical,osu_hydroponics_lettuce_profile,2026-06-08T14:44:00Z
sim_0166,lettuce,harvest_ready,vertical,42,5.98,1.06,20.06,19.4,65,810,84,14,6,93,low,stable,osu_hydroponics_lettuce_profile,2026-06-08T14:45:00Z
sim_0167,lettuce,harvest_ready,vertical,41,6.08,1.11,20.19,19.81,63,727,81,13,9,90,low,stable,osu_hydroponics_lettuce_profile,2026-06-08T14:46:00Z
sim_0168,lettuce,harvest_ready,vertical,42,6.05,1.1,20.08,19.61,58,826,77,14,7,92,low,stable,osu_hydroponics_lettuce_profile,2026-06-08T14:47:00Z
sim_0169,lettuce,harvest_ready,vertical,37,5.97,1.31,21.34,18.3,64,771,89,13,10,88,low,stable,osu_hydroponics_lettuce_profile,2026-06-08T14:48:00Z
sim_0170,lettuce,harvest_ready,vertical,44,5.88,1.11,20.98,19.8,61,759,82,14,9,90,low,stable,osu_hydroponics_lettuce_profile,2026-06-08T14:49:00Z
sim_0171,lettuce,harvest_ready,vertical,36,5.64,1.53,23.81,21.26,50,619,100,16,36,59,medium,warning,osu_hydroponics_lettuce_profile,2026-06-08T14:50:00Z
sim_0172,lettuce,harvest_ready,vertical,41,5.58,1.58,22.83,21.55,72,953,72,12,36,59,medium,warning,osu_hydroponics_lettuce_profile,2026-06-08T14:51:00Z
sim_0173,lettuce,harvest_ready,vertical,39,6.44,0.76,17.55,17.08,51,1016,72,16,35,60,medium,warning,osu_hydroponics_lettuce_profile,2026-06-08T14:52:00Z
sim_0174,lettuce,harvest_ready,vertical,44,5.6,0.88,16.92,17.03,47,953,100,16,35,60,medium,warning,osu_hydroponics_lettuce_profile,2026-06-08T14:53:00Z
sim_0175,lettuce,harvest_ready,vertical,43,5.61,1.53,17.61,17.17,46,946,72,16,33,62,medium,warning,osu_hydroponics_lettuce_profile,2026-06-08T14:54:00Z
sim_0176,lettuce,harvest_ready,vertical,43,6.87,1.79,26.29,14.59,83,394,62,17,69,21,high,critical,osu_hydroponics_lettuce_profile,2026-06-08T14:55:00Z
sim_0177,lettuce,harvest_ready,vertical,38,6.61,1.99,24.64,22.84,39,1127,52,17,65,25,high,critical,osu_hydroponics_lettuce_profile,2026-06-08T14:56:00Z
sim_0178,lettuce,harvest_ready,vertical,39,7.01,0.69,14.38,13.53,39,1034,55,17,69,21,high,critical,osu_hydroponics_lettuce_profile,2026-06-08T14:57:00Z
sim_0179,lettuce,harvest_ready,vertical,40,5.28,1.98,13.91,24.27,40,1200,100,18,69,21,high,critical,osu_hydroponics_lettuce_profile,2026-06-08T14:58:00Z
sim_0180,lettuce,harvest_ready,vertical,45,5.08,1.9,15.08,14.77,84,1200,60,18,71,18,high,critical,osu_hydroponics_lettuce_profile,2026-06-08T14:59:00Z
sim_0181,tomato,seedling,nft,5,5.97,2.63,25.1,21.05,74,852,80,16,8,91,low,stable,purdue_greenhouse_tomato_profile,2026-06-08T15:00:00Z
sim_0182,tomato,seedling,nft,13,5.92,2.52,26.44,21.97,65,956,80,16,8,91,low,stable,purdue_greenhouse_tomato_profile,2026-06-08T15:01:00Z
sim_0183,tomato,seedling,nft,5,5.92,2.36,24.89,21.43,69,886,87,15,7,92,low,stable,purdue_greenhouse_tomato_profile,2026-06-08T15:02:00Z
sim_0184,tomato,seedling,nft,7,5.95,2.47,26.32,21.27,70,969,78,16,8,91,low,stable,purdue_greenhouse_tomato_profile,2026-06-08T15:03:00Z
sim_0185,tomato,seedling,nft,14,5.9,2.41,24.14,22.05,66,889,83,15,8,91,low,stable,purdue_greenhouse_tomato_profile,2026-06-08T15:04:00Z
sim_0186,tomato,seedling,nft,2,5.5,2.08,27.28,19.25,83,1095,98,15,38,56,medium,warning,purdue_greenhouse_tomato_profile,2026-06-08T15:05:00Z
sim_0187,tomato,seedling,nft,4,5.58,2.9,27.84,19.91,83,1027,72,15,35,60,medium,warning,purdue_greenhouse_tomato_profile,2026-06-08T15:06:00Z
sim_0188,tomato,seedling,nft,9,6.37,2.19,22.77,24.93,82,716,100,14,35,60,medium,warning,purdue_greenhouse_tomato_profile,2026-06-08T15:07:00Z
sim_0189,tomato,seedling,nft,3,5.66,2.85,28.77,24.1,83,687,65,18,39,55,medium,warning,purdue_greenhouse_tomato_profile,2026-06-08T15:08:00Z
sim_0190,tomato,seedling,nft,5,5.52,2.75,21.16,24.95,58,1072,66,18,39,55,medium,warning,purdue_greenhouse_tomato_profile,2026-06-08T15:09:00Z
sim_0191,tomato,seedling,nft,11,6.62,3.01,29.35,16.53,46,493,53,19,65,25,high,critical,purdue_greenhouse_tomato_profile,2026-06-08T15:10:00Z
sim_0192,tomato,seedling,nft,13,5.14,3.02,19.97,25.33,93,1200,100,19,60,31,high,critical,purdue_greenhouse_tomato_profile,2026-06-08T15:11:00Z
sim_0193,tomato,seedling,nft,3,6.98,1.62,19.13,18.25,45,589,54,12,77,11,high,critical,purdue_greenhouse_tomato_profile,2026-06-08T15:12:00Z
sim_0194,tomato,seedling,nft,5,4.95,1.61,18.14,16.54,55,1200,55,19,76,13,high,critical,purdue_greenhouse_tomato_profile,2026-06-08T15:13:00Z
sim_0195,tomato,seedling,nft,11,6.73,3.23,31.51,26.68,49,1195,100,12,66,24,high,critical,purdue_greenhouse_tomato_profile,2026-06-08T15:14:00Z
sim_0196,tomato,seedling,dwc,9,6.15,2.43,23.98,21.21,65,915,90,16,10,88,low,stable,purdue_greenhouse_tomato_profile,2026-06-08T15:15:00Z
sim_0197,tomato,seedling,dwc,2,6.0,2.64,26.01,21.05,74,884,81,16,9,90,low,stable,purdue_greenhouse_tomato_profile,2026-06-08T15:16:00Z
sim_0198,tomato,seedling,dwc,13,6.09,2.46,26.05,21.23,75,903,85,16,7,92,low,stable,purdue_greenhouse_tomato_profile,2026-06-08T15:17:00Z
sim_0199,tomato,seedling,dwc,5,5.93,2.41,26.31,21.13,71,973,84,17,10,88,low,stable,purdue_greenhouse_tomato_profile,2026-06-08T15:18:00Z
sim_0200,tomato,seedling,dwc,10,5.9,2.63,25.89,21.31,70,899,77,16,9,90,low,stable,purdue_greenhouse_tomato_profile,2026-06-08T15:19:00Z
sim_0201,tomato,seedling,dwc,14,6.45,2.08,28.73,19.09,60,693,71,18,40,54,medium,warning,purdue_greenhouse_tomato_profile,2026-06-08T15:20:00Z
sim_0202,tomato,seedling,dwc,2,5.52,2.14,21.75,24.9,83,1041,100,14,39,55,medium,warning,purdue_greenhouse_tomato_profile,2026-06-08T15:21:00Z
sim_0203,tomato,seedling,dwc,10,6.54,2.89,22.55,19.64,82,1077,100,18,39,55,medium,warning,purdue_greenhouse_tomato_profile,2026-06-08T15:22:00Z
sim_0204,tomato,seedling,dwc,9,5.52,2.24,27.64,24.31,79,735,70,17,34,61,medium,warning,purdue_greenhouse_tomato_profile,2026-06-08T15:23:00Z
sim_0205,tomato,seedling,dwc,1,6.48,2.17,22.12,24.24,80,762,97,14,35,60,medium,warning,purdue_greenhouse_tomato_profile,2026-06-08T15:24:00Z
sim_0206,tomato,seedling,dwc,3,5.04,1.65,29.41,26.01,84,510,48,19,71,18,high,critical,purdue_greenhouse_tomato_profile,2026-06-08T15:25:00Z
sim_0207,tomato,seedling,dwc,2,7.0,3.22,20.27,25.26,49,545,57,20,70,20,high,critical,purdue_greenhouse_tomato_profile,2026-06-08T15:26:00Z
sim_0208,tomato,seedling,dwc,9,6.81,1.67,20.78,26.9,54,582,54,12,69,21,high,critical,purdue_greenhouse_tomato_profile,2026-06-08T15:27:00Z
sim_0209,tomato,seedling,dwc,3,6.85,1.73,31.54,26.38,89,1175,100,14,65,25,high,critical,purdue_greenhouse_tomato_profile,2026-06-08T15:28:00Z
sim_0210,tomato,seedling,dwc,3,6.69,3.33,29.06,26.58,46,571,100,13,63,28,high,critical,purdue_greenhouse_tomato_profile,2026-06-08T15:29:00Z
sim_0211,tomato,seedling,aeroponics,5,6.09,2.46,26.18,22.01,69,883,77,15,8,91,low,stable,purdue_greenhouse_tomato_profile,2026-06-08T15:30:00Z
sim_0212,tomato,seedling,aeroponics,12,5.87,2.44,23.73,22.99,65,970,79,16,12,86,low,stable,purdue_greenhouse_tomato_profile,2026-06-08T15:31:00Z
sim_0213,tomato,seedling,aeroponics,3,6.14,2.42,26.22,21.51,69,826,83,17,10,88,low,stable,purdue_greenhouse_tomato_profile,2026-06-08T15:32:00Z
sim_0214,tomato,seedling,aeroponics,3,6.11,2.54,23.69,21.83,67,849,93,16,10,88,low,stable,purdue_greenhouse_tomato_profile,2026-06-08T15:33:00Z
sim_0215,tomato,seedling,aeroponics,3,6.09,2.54,23.75,21.3,73,944,78,16,10,88,low,stable,purdue_greenhouse_tomato_profile,2026-06-08T15:34:00Z
sim_0216,tomato,seedling,aeroponics,1,5.64,2.83,28.15,23.99,83,1034,71,18,34,61,medium,warning,purdue_greenhouse_tomato_profile,2026-06-08T15:35:00Z
sim_0217,tomato,seedling,aeroponics,7,6.49,2.1,21.86,24.9,61,1111,100,18,39,55,medium,warning,purdue_greenhouse_tomato_profile,2026-06-08T15:36:00Z
sim_0218,tomato,seedling,aeroponics,1,5.63,2.11,28.57,19.15,58,1089,69,14,39,55,medium,warning,purdue_greenhouse_tomato_profile,2026-06-08T15:37:00Z
sim_0219,tomato,seedling,aeroponics,10,5.67,2.93,28.46,19.7,62,684,100,14,36,59,medium,warning,purdue_greenhouse_tomato_profile,2026-06-08T15:38:00Z
sim_0220,tomato,seedling,aeroponics,11,5.47,2.94,21.42,24.59,62,701,72,14,40,54,medium,warning,purdue_greenhouse_tomato_profile,2026-06-08T15:39:00Z
sim_0221,tomato,seedling,aeroponics,6,6.96,3.24,19.96,16.58,49,558,100,20,70,20,high,critical,purdue_greenhouse_tomato_profile,2026-06-08T15:40:00Z
sim_0222,tomato,seedling,aeroponics,14,5.1,3.25,30.66,17.02,91,1200,100,13,67,23,high,critical,purdue_greenhouse_tomato_profile,2026-06-08T15:41:00Z
sim_0223,tomato,seedling,aeroponics,3,5.2,1.87,31.29,16.72,46,1145,100,13,65,25,high,critical,purdue_greenhouse_tomato_profile,2026-06-08T15:42:00Z
sim_0224,tomato,seedling,aeroponics,9,5.36,1.72,19.43,17.98,49,667,100,19,59,32,medium,warning,purdue_greenhouse_tomato_profile,2026-06-08T15:43:00Z
sim_0225,tomato,seedling,aeroponics,2,6.96,1.72,19.38,17.93,46,629,51,13,73,16,high,critical,purdue_greenhouse_tomato_profile,2026-06-08T15:44:00Z
sim_0226,tomato,seedling,vertical,9,5.99,2.59,25.73,21.01,70,855,86,17,7,92,low,stable,purdue_greenhouse_tomato_profile,2026-06-08T15:45:00Z
sim_0227,tomato,seedling,vertical,5,6.0,2.4,23.52,22.83,69,926,79,15,9,90,low,stable,purdue_greenhouse_tomato_profile,2026-06-08T15:46:00Z
sim_0228,tomato,seedling,vertical,7,5.86,2.38,25.49,22.23,73,838,83,17,10,88,low,stable,purdue_greenhouse_tomato_profile,2026-06-08T15:47:00Z
sim_0229,tomato,seedling,vertical,6,6.07,2.39,25.08,21.73,74,846,79,16,7,92,low,stable,purdue_greenhouse_tomato_profile,2026-06-08T15:48:00Z
sim_0230,tomato,seedling,vertical,7,6.05,2.61,24.67,22.12,68,867,78,16,7,92,low,stable,purdue_greenhouse_tomato_profile,2026-06-08T15:49:00Z
sim_0231,tomato,seedling,vertical,12,6.55,2.06,21.44,23.67,84,1059,65,18,42,52,medium,warning,purdue_greenhouse_tomato_profile,2026-06-08T15:50:00Z
sim_0232,tomato,seedling,vertical,14,5.67,2.91,22.26,23.88,81,1088,100,14,34,61,medium,warning,purdue_greenhouse_tomato_profile,2026-06-08T15:51:00Z
sim_0233,tomato,seedling,vertical,5,5.68,2.76,28.88,23.78,61,1048,100,14,33,62,medium,warning,purdue_greenhouse_tomato_profile,2026-06-08T15:52:00Z
sim_0234,tomato,seedling,vertical,14,6.42,2.78,22.42,23.75,57,1035,100,17,32,63,medium,warning,purdue_greenhouse_tomato_profile,2026-06-08T15:53:00Z
sim_0235,tomato,seedling,vertical,10,5.65,2.21,21.32,19.47,61,1074,97,18,34,61,medium,warning,purdue_greenhouse_tomato_profile,2026-06-08T15:54:00Z
sim_0236,tomato,seedling,vertical,4,5.36,1.93,31.46,27.44,45,1200,45,18,69,21,high,critical,purdue_greenhouse_tomato_profile,2026-06-08T15:55:00Z
sim_0237,tomato,seedling,vertical,5,4.98,3.0,19.86,27.17,89,1200,100,19,65,25,high,critical,purdue_greenhouse_tomato_profile,2026-06-08T15:56:00Z
sim_0238,tomato,seedling,vertical,1,6.88,3.26,19.24,18.25,91,622,100,13,65,25,high,critical,purdue_greenhouse_tomato_profile,2026-06-08T15:57:00Z
sim_0239,tomato,seedling,vertical,10,6.86,1.7,18.56,26.94,86,1200,51,13,72,17,high,critical,purdue_greenhouse_tomato_profile,2026-06-08T15:58:00Z
sim_0240,tomato,seedling,vertical,1,7.05,1.95,18.84,18.01,92,1193,63,19,68,22,high,critical,purdue_greenhouse_tomato_profile,2026-06-08T15:59:00Z
sim_0241,tomato,vegetative,nft,40,5.99,2.61,25.59,21.07,67,874,86,16,6,93,low,stable,purdue_greenhouse_tomato_profile,2026-06-08T16:00:00Z
sim_0242,tomato,vegetative,nft,27,5.93,2.48,24.93,21.39,73,937,92,16,7,92,low,stable,purdue_greenhouse_tomato_profile,2026-06-08T16:01:00Z
sim_0243,tomato,vegetative,nft,35,5.95,2.58,25.42,21.59,70,954,84,17,7,92,low,stable,purdue_greenhouse_tomato_profile,2026-06-08T16:02:00Z
sim_0244,tomato,vegetative,nft,23,5.87,2.54,25.13,21.73,74,942,79,15,9,90,low,stable,purdue_greenhouse_tomato_profile,2026-06-08T16:03:00Z
sim_0245,tomato,vegetative,nft,36,5.93,2.6,25.9,22.38,71,886,93,17,9,90,low,stable,purdue_greenhouse_tomato_profile,2026-06-08T16:04:00Z
sim_0246,tomato,vegetative,nft,17,5.46,2.25,27.39,24.89,60,723,64,18,38,56,medium,warning,purdue_greenhouse_tomato_profile,2026-06-08T16:05:00Z
sim_0247,tomato,vegetative,nft,22,5.54,2.06,21.6,24.18,60,716,100,18,39,55,medium,warning,purdue_greenhouse_tomato_profile,2026-06-08T16:06:00Z
sim_0248,tomato,vegetative,nft,35,5.49,2.2,21.07,23.74,57,744,100,18,38,56,medium,warning,purdue_greenhouse_tomato_profile,2026-06-08T16:07:00Z
sim_0249,tomato,vegetative,nft,27,6.38,2.83,21.75,24.08,56,1027,100,14,36,59,medium,warning,purdue_greenhouse_tomato_profile,2026-06-08T16:08:00Z
sim_0250,tomato,vegetative,nft,24,5.66,2.76,28.45,19.84,81,739,68,17,33,62,medium,warning,purdue_greenhouse_tomato_profile,2026-06-08T16:09:00Z
sim_0251,tomato,vegetative,nft,39,5.09,3.14,29.27,17.47,45,1186,52,19,68,22,high,critical,purdue_greenhouse_tomato_profile,2026-06-08T16:10:00Z
sim_0252,tomato,vegetative,nft,33,6.68,3.2,30.76,17.76,50,1200,55,12,67,23,high,critical,purdue_greenhouse_tomato_profile,2026-06-08T16:11:00Z
sim_0253,tomato,vegetative,nft,20,5.24,1.87,29.75,25.59,50,656,100,20,59,32,medium,warning,purdue_greenhouse_tomato_profile,2026-06-08T16:12:00Z
sim_0254,tomato,vegetative,nft,17,5.05,3.04,29.36,18.58,46,669,100,12,61,30,high,critical,purdue_greenhouse_tomato_profile,2026-06-08T16:13:00Z
sim_0255,tomato,vegetative,nft,24,5.28,1.72,20.64,27.46,47,1132,51,20,69,21,high,critical,purdue_greenhouse_tomato_profile,2026-06-08T16:14:00Z
sim_0256,tomato,vegetative,dwc,29,5.9,2.6,25.36,22.46,73,833,83,17,9,90,low,stable,purdue_greenhouse_tomato_profile,2026-06-08T16:15:00Z
sim_0257,tomato,vegetative,dwc,33,5.99,2.37,24.83,21.88,74,854,91,16,7,92,low,stable,purdue_greenhouse_tomato_profile,2026-06-08T16:16:00Z
sim_0258,tomato,vegetative,dwc,19,6.02,2.62,23.6,21.77,68,968,93,16,10,88,low,stable,purdue_greenhouse_tomato_profile,2026-06-08T16:17:00Z
sim_0259,tomato,vegetative,dwc,37,6.0,2.54,23.7,21.34,73,912,90,16,7,92,low,stable,purdue_greenhouse_tomato_profile,2026-06-08T16:18:00Z
sim_0260,tomato,vegetative,dwc,19,5.93,2.47,25.38,22.31,73,909,77,17,7,92,low,stable,purdue_greenhouse_tomato_profile,2026-06-08T16:19:00Z
sim_0261,tomato,vegetative,dwc,32,6.44,2.92,28.94,24.24,78,687,66,18,41,53,medium,warning,purdue_greenhouse_tomato_profile,2026-06-08T16:20:00Z
sim_0262,tomato,vegetative,dwc,33,5.68,2.9,21.64,19.26,62,1033,98,18,35,60,medium,warning,purdue_greenhouse_tomato_profile,2026-06-08T16:21:00Z
sim_0263,tomato,vegetative,dwc,26,5.62,2.05,27.25,24.37,79,1072,100,14,35,60,medium,warning,purdue_greenhouse_tomato_profile,2026-06-08T16:22:00Z
sim_0264,tomato,vegetative,dwc,38,6.48,2.22,22.69,19.88,82,712,66,14,36,59,medium,warning,purdue_greenhouse_tomato_profile,2026-06-08T16:23:00Z
sim_0265,tomato,vegetative,dwc,20,5.61,2.9,27.39,23.85,80,1077,100,14,34,61,medium,warning,purdue_greenhouse_tomato_profile,2026-06-08T16:24:00Z
sim_0266,tomato,vegetative,dwc,23,6.68,1.78,18.82,25.1,48,1200,62,13,63,28,high,critical,purdue_greenhouse_tomato_profile,2026-06-08T16:25:00Z
sim_0267,tomato,vegetative,dwc,21,6.72,3.18,29.81,26.97,55,633,100,19,59,32,medium,warning,purdue_greenhouse_tomato_profile,2026-06-08T16:26:00Z
sim_0268,tomato,vegetative,dwc,36,4.99,1.85,19.05,25.36,49,1200,100,13,65,25,high,critical,purdue_greenhouse_tomato_profile,2026-06-08T16:27:00Z
sim_0269,tomato,vegetative,dwc,16,4.93,3.2,29.65,26.53,52,1200,57,13,69,21,high,critical,purdue_greenhouse_tomato_profile,2026-06-08T16:28:00Z
sim_0270,tomato,vegetative,dwc,25,6.88,1.96,29.38,27.43,87,1200,100,14,60,31,high,critical,purdue_greenhouse_tomato_profile,2026-06-08T16:29:00Z
sim_0271,tomato,vegetative,aeroponics,25,5.98,2.51,26.09,21.47,71,897,86,17,5,94,low,stable,purdue_greenhouse_tomato_profile,2026-06-08T16:30:00Z
sim_0272,tomato,vegetative,aeroponics,33,6.07,2.41,23.51,21.69,71,876,88,16,8,91,low,stable,purdue_greenhouse_tomato_profile,2026-06-08T16:31:00Z
sim_0273,tomato,vegetative,aeroponics,15,6.06,2.55,25.61,22.42,74,875,80,16,7,92,low,stable,purdue_greenhouse_tomato_profile,2026-06-08T16:32:00Z
sim_0274,tomato,vegetative,aeroponics,20,6.05,2.63,24.79,21.49,71,894,81,17,7,92,low,stable,purdue_greenhouse_tomato_profile,2026-06-08T16:33:00Z
sim_0275,tomato,vegetative,aeroponics,42,5.93,2.37,25.28,21.97,70,893,83,15,6,93,low,stable,purdue_greenhouse_tomato_profile,2026-06-08T16:34:00Z
sim_0276,tomato,vegetative,aeroponics,31,5.62,2.17,28.67,19.37,81,772,100,14,37,57,medium,warning,purdue_greenhouse_tomato_profile,2026-06-08T16:35:00Z
sim_0277,tomato,vegetative,aeroponics,21,5.62,2.14,22.44,19.3,60,1117,71,18,36,59,medium,warning,purdue_greenhouse_tomato_profile,2026-06-08T16:36:00Z
sim_0278,tomato,vegetative,aeroponics,32,6.51,2.06,21.65,24.11,57,1076,100,18,41,53,medium,warning,purdue_greenhouse_tomato_profile,2026-06-08T16:37:00Z
sim_0279,tomato,vegetative,aeroponics,15,5.48,2.79,22.18,24.21,79,1029,71,14,35,60,medium,warning,purdue_greenhouse_tomato_profile,2026-06-08T16:38:00Z
sim_0280,tomato,vegetative,aeroponics,22,6.53,2.87,27.83,24.82,62,729,65,18,39,55,medium,warning,purdue_greenhouse_tomato_profile,2026-06-08T16:39:00Z
sim_0281,tomato,vegetative,aeroponics,21,5.17,1.97,19.53,25.09,52,1183,100,20,59,32,medium,warning,purdue_greenhouse_tomato_profile,2026-06-08T16:40:00Z
sim_0282,tomato,vegetative,aeroponics,30,4.95,3.35,29.9,16.65,86,646,61,12,72,17,high,critical,purdue_greenhouse_tomato_profile,2026-06-08T16:41:00Z
sim_0283,tomato,vegetative,aeroponics,23,6.82,1.82,31.7,17.4,86,618,50,19,70,20,high,critical,purdue_greenhouse_tomato_profile,2026-06-08T16:42:00Z
sim_0284,tomato,vegetative,aeroponics,42,4.99,3.19,30.44,16.73,52,1200,100,20,69,21,high,critical,purdue_greenhouse_tomato_profile,2026-06-08T16:43:00Z
sim_0285,tomato,vegetative,aeroponics,15,6.98,3.25,20.05,26.86,92,632,100,13,68,22,high,critical,purdue_greenhouse_tomato_profile,2026-06-08T16:44:00Z
sim_0286,tomato,vegetative,vertical,42,6.1,2.48,25.76,22.3,66,968,90,15,9,90,low,stable,purdue_greenhouse_tomato_profile,2026-06-08T16:45:00Z
sim_0287,tomato,vegetative,vertical,30,5.87,2.49,24.66,22.91,74,905,84,15,7,92,low,stable,purdue_greenhouse_tomato_profile,2026-06-08T16:46:00Z
sim_0288,tomato,vegetative,vertical,15,5.98,2.46,25.15,22.98,66,881,85,16,5,94,low,stable,purdue_greenhouse_tomato_profile,2026-06-08T16:47:00Z
sim_0289,tomato,vegetative,vertical,18,6.1,2.46,26.45,21.62,69,924,86,15,7,92,low,stable,purdue_greenhouse_tomato_profile,2026-06-08T16:48:00Z
sim_0290,tomato,vegetative,vertical,32,5.96,2.6,25.84,21.82,73,877,85,16,5,94,low,stable,purdue_greenhouse_tomato_profile,2026-06-08T16:49:00Z
sim_0291,tomato,vegetative,vertical,21,5.47,2.17,28.17,20.04,58,1048,100,14,37,57,medium,warning,purdue_greenhouse_tomato_profile,2026-06-08T16:50:00Z
sim_0292,tomato,vegetative,vertical,29,5.67,2.8,22.1,20.18,78,1103,100,15,32,63,medium,warning,purdue_greenhouse_tomato_profile,2026-06-08T16:51:00Z
sim_0293,tomato,vegetative,vertical,34,6.5,2.12,28.16,23.92,56,683,67,14,40,54,medium,warning,purdue_greenhouse_tomato_profile,2026-06-08T16:52:00Z
sim_0294,tomato,vegetative,vertical,29,5.68,2.75,22.08,19.29,79,1073,65,18,34,61,medium,warning,purdue_greenhouse_tomato_profile,2026-06-08T16:53:00Z
sim_0295,tomato,vegetative,vertical,15,5.63,2.87,22.11,24.07,79,746,100,14,34,61,medium,warning,purdue_greenhouse_tomato_profile,2026-06-08T16:54:00Z
sim_0296,tomato,vegetative,vertical,18,6.82,3.11,19.68,18.86,89,1135,100,19,58,33,medium,warning,purdue_greenhouse_tomato_profile,2026-06-08T16:55:00Z
sim_0297,tomato,vegetative,vertical,39,6.92,1.97,29.67,25.84,48,1200,100,12,62,29,high,critical,purdue_greenhouse_tomato_profile,2026-06-08T16:56:00Z
sim_0298,tomato,vegetative,vertical,24,6.97,3.0,18.97,26.36,50,619,100,13,64,26,high,critical,purdue_greenhouse_tomato_profile,2026-06-08T16:57:00Z
sim_0299,tomato,vegetative,vertical,38,5.26,1.6,21.15,17.86,45,649,100,12,64,26,high,critical,purdue_greenhouse_tomato_profile,2026-06-08T16:58:00Z
sim_0300,tomato,vegetative,vertical,27,7.06,2.0,18.03,18.31,85,1200,100,13,63,28,high,critical,purdue_greenhouse_tomato_profile,2026-06-08T16:59:00Z
sim_0301,tomato,flowering,nft,63,5.99,2.59,25.45,21.0,71,950,87,16,6,93,low,stable,purdue_greenhouse_tomato_profile,2026-06-08T17:00:00Z
sim_0302,tomato,flowering,nft,50,6.02,2.63,26.17,22.45,74,922,92,15,10,88,low,stable,purdue_greenhouse_tomato_profile,2026-06-08T17:01:00Z
sim_0303,tomato,flowering,nft,65,5.92,2.59,26.06,22.77,71,967,92,15,10,88,low,stable,purdue_greenhouse_tomato_profile,2026-06-08T17:02:00Z
sim_0304,tomato,flowering,nft,64,6.07,2.39,23.58,22.9,71,825,79,16,11,87,low,stable,purdue_greenhouse_tomato_profile,2026-06-08T17:03:00Z
sim_0305,tomato,flowering,nft,44,6.06,2.49,24.31,22.77,69,931,77,15,8,91,low,stable,purdue_greenhouse_tomato_profile,2026-06-08T17:04:00Z
sim_0306,tomato,flowering,nft,44,5.49,2.87,28.85,20.18,58,1108,65,14,41,53,medium,warning,purdue_greenhouse_tomato_profile,2026-06-08T17:05:00Z
sim_0307,tomato,flowering,nft,61,6.54,2.07,22.16,20.2,62,1110,100,14,39,55,medium,warning,purdue_greenhouse_tomato_profile,2026-06-08T17:06:00Z
sim_0308,tomato,flowering,nft,45,5.63,2.82,28.06,24.55,61,1076,100,18,35,60,medium,warning,purdue_greenhouse_tomato_profile,2026-06-08T17:07:00Z
sim_0309,tomato,flowering,nft,48,6.44,2.88,21.28,19.82,83,741,65,15,39,55,medium,warning,purdue_greenhouse_tomato_profile,2026-06-08T17:08:00Z
sim_0310,tomato,flowering,nft,54,5.58,2.87,22.47,19.96,82,750,66,18,37,57,medium,warning,purdue_greenhouse_tomato_profile,2026-06-08T17:09:00Z
sim_0311,tomato,flowering,nft,45,5.34,1.86,18.38,17.34,88,1200,100,13,62,29,high,critical,purdue_greenhouse_tomato_profile,2026-06-08T17:10:00Z
sim_0312,tomato,flowering,nft,53,5.32,3.27,20.59,17.29,52,1200,100,13,60,31,high,critical,purdue_greenhouse_tomato_profile,2026-06-08T17:11:00Z
sim_0313,tomato,flowering,nft,43,6.63,3.24,30.67,17.23,94,550,100,13,64,26,high,critical,purdue_greenhouse_tomato_profile,2026-06-08T17:12:00Z
sim_0314,tomato,flowering,nft,59,5.26,1.93,19.13,25.84,51,1180,100,14,58,33,medium,warning,purdue_greenhouse_tomato_profile,2026-06-08T17:13:00Z
sim_0315,tomato,flowering,nft,63,6.61,1.99,19.94,16.91,95,569,100,19,59,32,medium,warning,purdue_greenhouse_tomato_profile,2026-06-08T17:14:00Z
sim_0316,tomato,flowering,dwc,60,6.1,2.52,26.46,22.87,72,929,78,16,10,88,low,stable,purdue_greenhouse_tomato_profile,2026-06-08T17:15:00Z
sim_0317,tomato,flowering,dwc,46,6.01,2.49,25.68,22.2,71,866,80,15,6,93,low,stable,purdue_greenhouse_tomato_profile,2026-06-08T17:16:00Z
sim_0318,tomato,flowering,dwc,51,6.13,2.54,24.22,21.54,68,895,78,15,9,90,low,stable,purdue_greenhouse_tomato_profile,2026-06-08T17:17:00Z
sim_0319,tomato,flowering,dwc,51,6.15,2.36,24.17,22.62,71,945,89,16,9,90,low,stable,purdue_greenhouse_tomato_profile,2026-06-08T17:18:00Z
sim_0320,tomato,flowering,dwc,62,6.1,2.48,25.18,21.6,67,853,85,15,6,93,low,stable,purdue_greenhouse_tomato_profile,2026-06-08T17:19:00Z
sim_0321,tomato,flowering,dwc,60,5.48,2.13,21.64,19.17,78,772,99,18,39,55,medium,warning,purdue_greenhouse_tomato_profile,2026-06-08T17:20:00Z
sim_0322,tomato,flowering,dwc,60,6.45,2.75,21.91,24.9,81,1027,99,14,35,60,medium,warning,purdue_greenhouse_tomato_profile,2026-06-08T17:21:00Z
sim_0323,tomato,flowering,dwc,61,6.5,2.21,27.8,19.97,58,765,71,18,35,60,medium,warning,purdue_greenhouse_tomato_profile,2026-06-08T17:22:00Z
sim_0324,tomato,flowering,dwc,52,5.57,2.21,28.15,20.02,83,713,70,14,36,59,medium,warning,purdue_greenhouse_tomato_profile,2026-06-08T17:23:00Z
sim_0325,tomato,flowering,dwc,63,6.55,2.86,27.54,24.89,83,1072,66,14,41,53,medium,warning,purdue_greenhouse_tomato_profile,2026-06-08T17:24:00Z
sim_0326,tomato,flowering,dwc,50,6.69,3.21,19.87,17.51,50,598,57,13,64,26,high,critical,purdue_greenhouse_tomato_profile,2026-06-08T17:25:00Z
sim_0327,tomato,flowering,dwc,62,7.03,1.69,18.14,25.77,49,1159,48,13,76,13,high,critical,purdue_greenhouse_tomato_profile,2026-06-08T17:26:00Z
sim_0328,tomato,flowering,dwc,53,5.33,1.7,18.04,25.35,45,577,49,19,70,20,high,critical,purdue_greenhouse_tomato_profile,2026-06-08T17:27:00Z
sim_0329,tomato,flowering,dwc,62,6.65,3.15,20.1,16.63,46,1194,100,19,62,29,high,critical,purdue_greenhouse_tomato_profile,2026-06-08T17:28:00Z
sim_0330,tomato,flowering,dwc,59,6.61,3.01,30.05,16.55,51,656,60,19,59,32,medium,warning,purdue_greenhouse_tomato_profile,2026-06-08T17:29:00Z
sim_0331,tomato,flowering,aeroponics,47,6.11,2.44,23.79,22.59,73,878,91,15,10,88,low,stable,purdue_greenhouse_tomato_profile,2026-06-08T17:30:00Z
sim_0332,tomato,flowering,aeroponics,47,5.94,2.57,26.05,22.23,72,940,82,16,6,93,low,stable,purdue_greenhouse_tomato_profile,2026-06-08T17:31:00Z
sim_0333,tomato,flowering,aeroponics,45,5.96,2.64,24.62,22.93,74,900,77,15,10,88,low,stable,purdue_greenhouse_tomato_profile,2026-06-08T17:32:00Z
sim_0334,tomato,flowering,aeroponics,59,6.08,2.37,24.07,21.23,68,894,92,15,10,88,low,stable,purdue_greenhouse_tomato_profile,2026-06-08T17:33:00Z
sim_0335,tomato,flowering,aeroponics,47,5.99,2.39,24.86,21.15,67,850,79,16,7,92,low,stable,purdue_greenhouse_tomato_profile,2026-06-08T17:34:00Z
sim_0336,tomato,flowering,aeroponics,57,5.54,2.08,21.6,24.0,61,761,64,15,38,56,medium,warning,purdue_greenhouse_tomato_profile,2026-06-08T17:35:00Z
sim_0337,tomato,flowering,aeroponics,47,5.68,2.76,28.37,23.7,79,1088,73,14,32,63,medium,warning,purdue_greenhouse_tomato_profile,2026-06-08T17:36:00Z
sim_0338,tomato,flowering,aeroponics,64,5.66,2.16,28.59,19.91,79,743,70,14,34,61,medium,warning,purdue_greenhouse_tomato_profile,2026-06-08T17:37:00Z
sim_0339,tomato,flowering,aeroponics,56,5.66,2.06,27.8,19.36,81,1086,72,18,36,59,medium,warning,purdue_greenhouse_tomato_profile,2026-06-08T17:38:00Z
sim_0340,tomato,flowering,aeroponics,45,6.38,2.16,27.69,24.31,57,1080,100,18,36,59,medium,warning,purdue_greenhouse_tomato_profile,2026-06-08T17:39:00Z
sim_0341,tomato,flowering,aeroponics,44,7.05,3.14,20.04,17.14,48,555,100,20,68,22,high,critical,purdue_greenhouse_tomato_profile,2026-06-08T17:40:00Z
sim_0342,tomato,flowering,aeroponics,60,5.16,1.84,29.75,26.21,49,630,100,19,62,29,high,critical,purdue_greenhouse_tomato_profile,2026-06-08T17:41:00Z
sim_0343,tomato,flowering,aeroponics,58,5.01,1.98,29.78,26.42,93,1200,100,18,63,28,high,critical,purdue_greenhouse_tomato_profile,2026-06-08T17:42:00Z
sim_0344,tomato,flowering,aeroponics,64,5.09,1.83,19.14,25.96,46,502,100,13,68,22,high,critical,purdue_greenhouse_tomato_profile,2026-06-08T17:43:00Z
sim_0345,tomato,flowering,aeroponics,51,6.98,3.06,29.97,18.6,48,1193,51,20,69,21,high,critical,purdue_greenhouse_tomato_profile,2026-06-08T17:44:00Z
sim_0346,tomato,flowering,vertical,45,6.15,2.58,24.46,21.01,67,929,77,16,10,88,low,stable,purdue_greenhouse_tomato_profile,2026-06-08T17:45:00Z
sim_0347,tomato,flowering,vertical,58,6.09,2.52,24.86,21.39,68,885,77,17,7,92,low,stable,purdue_greenhouse_tomato_profile,2026-06-08T17:46:00Z
sim_0348,tomato,flowering,vertical,47,6.04,2.4,24.68,22.78,74,938,91,16,8,91,low,stable,purdue_greenhouse_tomato_profile,2026-06-08T17:47:00Z
sim_0349,tomato,flowering,vertical,56,5.86,2.58,23.87,21.24,72,899,80,16,9,90,low,stable,purdue_greenhouse_tomato_profile,2026-06-08T17:48:00Z
sim_0350,tomato,flowering,vertical,58,6.1,2.5,24.24,22.2,74,834,79,16,8,91,low,stable,purdue_greenhouse_tomato_profile,2026-06-08T17:49:00Z
sim_0351,tomato,flowering,vertical,47,5.48,2.81,28.07,20.21,82,744,100,14,37,57,medium,warning,purdue_greenhouse_tomato_profile,2026-06-08T17:50:00Z
sim_0352,tomato,flowering,vertical,44,6.39,2.93,27.61,24.6,62,1070,100,14,37,57,medium,warning,purdue_greenhouse_tomato_profile,2026-06-08T17:51:00Z
sim_0353,tomato,flowering,vertical,65,5.65,2.83,21.2,19.54,83,1042,67,14,37,57,medium,warning,purdue_greenhouse_tomato_profile,2026-06-08T17:52:00Z
sim_0354,tomato,flowering,vertical,50,5.61,2.19,21.39,24.55,84,697,98,15,37,57,medium,warning,purdue_greenhouse_tomato_profile,2026-06-08T17:53:00Z
sim_0355,tomato,flowering,vertical,45,6.54,2.83,28.23,19.31,81,1093,69,15,39,55,medium,warning,purdue_greenhouse_tomato_profile,2026-06-08T17:54:00Z
sim_0356,tomato,flowering,vertical,57,4.94,1.66,31.75,16.72,47,1160,100,19,73,16,high,critical,purdue_greenhouse_tomato_profile,2026-06-08T17:55:00Z
sim_0357,tomato,flowering,vertical,50,5.28,3.11,19.76,26.47,54,630,100,13,59,32,medium,warning,purdue_greenhouse_tomato_profile,2026-06-08T17:56:00Z
sim_0358,tomato,flowering,vertical,46,4.95,3.27,20.53,17.5,87,1156,100,13,64,26,high,critical,purdue_greenhouse_tomato_profile,2026-06-08T17:57:00Z
sim_0359,tomato,flowering,vertical,60,5.29,3.38,29.46,25.97,89,639,60,19,63,28,high,critical,purdue_greenhouse_tomato_profile,2026-06-08T17:58:00Z
sim_0360,tomato,flowering,vertical,50,6.66,3.11,19.15,17.81,87,1200,62,19,62,29,high,critical,purdue_greenhouse_tomato_profile,2026-06-08T17:59:00Z
sim_0361,tomato,fruiting,nft,89,6.0,2.61,24.77,21.65,72,865,89,16,6,93,low,stable,purdue_greenhouse_tomato_profile,2026-06-08T18:00:00Z
sim_0362,tomato,fruiting,nft,73,6.08,2.65,25.79,21.04,67,864,93,15,12,86,low,stable,purdue_greenhouse_tomato_profile,2026-06-08T18:01:00Z
sim_0363,tomato,fruiting,nft,77,5.98,2.53,24.39,22.2,75,843,84,16,5,94,low,stable,purdue_greenhouse_tomato_profile,2026-06-08T18:02:00Z
sim_0364,tomato,fruiting,nft,87,6.08,2.4,24.23,22.08,75,881,88,15,9,90,low,stable,purdue_greenhouse_tomato_profile,2026-06-08T18:03:00Z
sim_0365,tomato,fruiting,nft,79,5.92,2.44,24.56,22.13,74,866,93,16,8,91,low,stable,purdue_greenhouse_tomato_profile,2026-06-08T18:04:00Z
sim_0366,tomato,fruiting,nft,83,6.42,2.14,27.49,20.13,81,1041,100,18,35,60,medium,warning,purdue_greenhouse_tomato_profile,2026-06-08T18:05:00Z
sim_0367,tomato,fruiting,nft,87,6.35,2.84,28.42,23.78,57,1041,100,14,35,60,medium,warning,purdue_greenhouse_tomato_profile,2026-06-08T18:06:00Z
sim_0368,tomato,fruiting,nft,85,6.35,2.85,22.7,24.33,79,698,70,18,34,61,medium,warning,purdue_greenhouse_tomato_profile,2026-06-08T18:07:00Z
sim_0369,tomato,fruiting,nft,71,5.66,2.17,27.52,19.66,60,712,100,14,34,61,medium,warning,purdue_greenhouse_tomato_profile,2026-06-08T18:08:00Z
sim_0370,tomato,fruiting,nft,79,5.57,2.81,21.51,24.48,58,761,100,14,36,59,medium,warning,purdue_greenhouse_tomato_profile,2026-06-08T18:09:00Z
sim_0371,tomato,fruiting,nft,73,5.06,3.37,18.45,17.57,94,645,100,13,71,18,high,critical,purdue_greenhouse_tomato_profile,2026-06-08T18:10:00Z
sim_0372,tomato,fruiting,nft,95,6.84,3.24,20.12,25.38,88,508,58,19,65,25,high,critical,purdue_greenhouse_tomato_profile,2026-06-08T18:11:00Z
sim_0373,tomato,fruiting,nft,75,6.75,1.7,31.99,27.24,89,508,60,12,73,16,high,critical,purdue_greenhouse_tomato_profile,2026-06-08T18:12:00Z
sim_0374,tomato,fruiting,nft,84,5.03,1.74,18.58,25.49,85,1147,51,20,71,18,high,critical,purdue_greenhouse_tomato_profile,2026-06-08T18:13:00Z
sim_0375,tomato,fruiting,nft,95,4.95,3.17,30.28,17.19,52,648,100,14,64,26,high,critical,purdue_greenhouse_tomato_profile,2026-06-08T18:14:00Z
sim_0376,tomato,fruiting,dwc,93,5.97,2.45,25.98,22.05,69,887,92,17,7,92,low,stable,purdue_greenhouse_tomato_profile,2026-06-08T18:15:00Z
sim_0377,tomato,fruiting,dwc,87,5.92,2.59,24.54,22.52,72,898,81,16,6,93,low,stable,purdue_greenhouse_tomato_profile,2026-06-08T18:16:00Z
sim_0378,tomato,fruiting,dwc,85,6.0,2.39,23.98,21.96,66,928,79,16,8,91,low,stable,purdue_greenhouse_tomato_profile,2026-06-08T18:17:00Z
sim_0379,tomato,fruiting,dwc,89,5.95,2.64,24.15,21.88,69,929,90,15,9,90,low,stable,purdue_greenhouse_tomato_profile,2026-06-08T18:18:00Z
sim_0380,tomato,fruiting,dwc,92,5.87,2.39,25.0,21.58,68,961,82,16,8,91,low,stable,purdue_greenhouse_tomato_profile,2026-06-08T18:19:00Z
sim_0381,tomato,fruiting,dwc,66,5.47,2.14,28.56,24.26,58,761,71,18,38,56,medium,warning,purdue_greenhouse_tomato_profile,2026-06-08T18:20:00Z
sim_0382,tomato,fruiting,dwc,82,6.49,2.8,28.75,24.45,80,1046,100,17,36,59,medium,warning,purdue_greenhouse_tomato_profile,2026-06-08T18:21:00Z
sim_0383,tomato,fruiting,dwc,95,5.6,2.77,21.09,19.1,80,1098,98,15,36,59,medium,warning,purdue_greenhouse_tomato_profile,2026-06-08T18:22:00Z
sim_0384,tomato,fruiting,dwc,80,6.48,2.18,21.23,19.09,79,1115,100,17,38,56,medium,warning,purdue_greenhouse_tomato_profile,2026-06-08T18:23:00Z
sim_0385,tomato,fruiting,dwc,81,5.49,2.78,21.53,20.25,57,725,65,18,39,55,medium,warning,purdue_greenhouse_tomato_profile,2026-06-08T18:24:00Z
sim_0386,tomato,fruiting,dwc,73,5.11,1.69,18.94,18.79,50,1200,50,13,72,17,high,critical,purdue_greenhouse_tomato_profile,2026-06-08T18:25:00Z
sim_0387,tomato,fruiting,dwc,77,7.01,1.86,29.49,26.08,92,1200,100,13,64,26,high,critical,purdue_greenhouse_tomato_profile,2026-06-08T18:26:00Z
sim_0388,tomato,fruiting,dwc,75,5.11,1.92,28.96,17.82,54,537,60,19,63,28,high,critical,purdue_greenhouse_tomato_profile,2026-06-08T18:27:00Z
sim_0389,tomato,fruiting,dwc,80,6.62,3.13,31.61,25.69,48,1200,100,13,61,30,high,critical,purdue_greenhouse_tomato_profile,2026-06-08T18:28:00Z
sim_0390,tomato,fruiting,dwc,80,6.81,3.0,31.0,17.1,90,582,100,18,61,30,high,critical,purdue_greenhouse_tomato_profile,2026-06-08T18:29:00Z
sim_0391,tomato,fruiting,aeroponics,82,5.92,2.49,24.66,22.91,66,887,91,17,8,91,low,stable,purdue_greenhouse_tomato_profile,2026-06-08T18:30:00Z
sim_0392,tomato,fruiting,aeroponics,87,5.96,2.47,26.11,22.26,66,842,79,17,9,90,low,stable,purdue_greenhouse_tomato_profile,2026-06-08T18:31:00Z
sim_0393,tomato,fruiting,aeroponics,95,6.12,2.38,24.93,22.14,69,874,90,15,8,91,low,stable,purdue_greenhouse_tomato_profile,2026-06-08T18:32:00Z
sim_0394,tomato,fruiting,aeroponics,86,5.87,2.49,25.58,22.12,72,822,82,15,8,91,low,stable,purdue_greenhouse_tomato_profile,2026-06-08T18:33:00Z
sim_0395,tomato,fruiting,aeroponics,76,6.1,2.35,26.19,22.76,66,952,84,17,11,87,low,stable,purdue_greenhouse_tomato_profile,2026-06-08T18:34:00Z
sim_0396,tomato,fruiting,aeroponics,83,6.44,2.95,22.7,20.25,58,775,100,14,35,60,medium,warning,purdue_greenhouse_tomato_profile,2026-06-08T18:35:00Z
sim_0397,tomato,fruiting,aeroponics,93,6.49,2.84,22.43,24.61,61,758,100,18,36,59,medium,warning,purdue_greenhouse_tomato_profile,2026-06-08T18:36:00Z
sim_0398,tomato,fruiting,aeroponics,86,5.57,2.08,22.44,19.3,79,748,73,14,36,59,medium,warning,purdue_greenhouse_tomato_profile,2026-06-08T18:37:00Z
sim_0399,tomato,fruiting,aeroponics,79,5.52,2.94,21.25,24.16,59,1036,63,18,41,53,medium,warning,purdue_greenhouse_tomato_profile,2026-06-08T18:38:00Z
sim_0400,tomato,fruiting,aeroponics,86,6.49,2.12,21.24,23.92,81,1058,70,14,38,56,medium,warning,purdue_greenhouse_tomato_profile,2026-06-08T18:39:00Z
sim_0401,tomato,fruiting,aeroponics,74,7.08,1.8,19.8,25.78,87,619,100,12,65,25,high,critical,purdue_greenhouse_tomato_profile,2026-06-08T18:40:00Z
sim_0402,tomato,fruiting,aeroponics,87,6.97,3.1,20.48,25.97,88,665,48,19,67,23,high,critical,purdue_greenhouse_tomato_profile,2026-06-08T18:41:00Z
sim_0403,tomato,fruiting,aeroponics,94,6.75,3.17,18.86,26.22,89,517,100,13,63,28,high,critical,purdue_greenhouse_tomato_profile,2026-06-08T18:42:00Z
sim_0404,tomato,fruiting,aeroponics,71,6.77,1.76,21.09,26.65,51,547,50,19,66,24,high,critical,purdue_greenhouse_tomato_profile,2026-06-08T18:43:00Z
sim_0405,tomato,fruiting,aeroponics,91,6.62,3.06,31.01,17.04,50,572,51,14,65,25,high,critical,purdue_greenhouse_tomato_profile,2026-06-08T18:44:00Z
sim_0406,tomato,fruiting,vertical,94,5.99,2.59,24.08,22.17,69,869,82,15,7,92,low,stable,purdue_greenhouse_tomato_profile,2026-06-08T18:45:00Z
sim_0407,tomato,fruiting,vertical,95,5.99,2.54,25.15,21.31,75,886,78,16,7,92,low,stable,purdue_greenhouse_tomato_profile,2026-06-08T18:46:00Z
sim_0408,tomato,fruiting,vertical,68,6.04,2.49,23.65,21.74,71,918,84,16,5,94,low,stable,purdue_greenhouse_tomato_profile,2026-06-08T18:47:00Z
sim_0409,tomato,fruiting,vertical,89,5.88,2.54,25.73,21.79,73,923,81,16,8,91,low,stable,purdue_greenhouse_tomato_profile,2026-06-08T18:48:00Z
sim_0410,tomato,fruiting,vertical,90,5.89,2.5,25.73,21.37,72,951,87,15,8,91,low,stable,purdue_greenhouse_tomato_profile,2026-06-08T18:49:00Z
sim_0411,tomato,fruiting,vertical,91,5.61,2.85,27.56,19.47,57,711,100,14,36,59,medium,warning,purdue_greenhouse_tomato_profile,2026-06-08T18:50:00Z
sim_0412,tomato,fruiting,vertical,72,5.64,2.12,27.21,19.01,56,1087,64,14,37,57,medium,warning,purdue_greenhouse_tomato_profile,2026-06-08T18:51:00Z
sim_0413,tomato,fruiting,vertical,90,6.46,2.13,28.29,19.83,82,1066,64,18,39,55,medium,warning,purdue_greenhouse_tomato_profile,2026-06-08T18:52:00Z
sim_0414,tomato,fruiting,vertical,67,5.55,2.76,21.41,24.73,60,743,66,18,37,57,medium,warning,purdue_greenhouse_tomato_profile,2026-06-08T18:53:00Z
sim_0415,tomato,fruiting,vertical,69,5.53,2.07,21.92,24.95,59,773,70,17,38,56,medium,warning,purdue_greenhouse_tomato_profile,2026-06-08T18:54:00Z
sim_0416,tomato,fruiting,vertical,69,5.23,1.81,29.61,17.79,51,608,60,19,63,28,high,critical,purdue_greenhouse_tomato_profile,2026-06-08T18:55:00Z
sim_0417,tomato,fruiting,vertical,85,5.16,3.1,21.04,18.64,92,1200,100,19,58,33,medium,warning,purdue_greenhouse_tomato_profile,2026-06-08T18:56:00Z
sim_0418,tomato,fruiting,vertical,79,6.71,1.71,31.44,16.77,92,1178,52,18,70,20,high,critical,purdue_greenhouse_tomato_profile,2026-06-08T18:57:00Z
sim_0419,tomato,fruiting,vertical,81,5.22,1.72,18.99,18.95,49,1199,100,12,64,26,high,critical,purdue_greenhouse_tomato_profile,2026-06-08T18:58:00Z
sim_0420,tomato,fruiting,vertical,68,4.92,1.94,18.18,27.32,90,652,100,13,67,23,high,critical,purdue_greenhouse_tomato_profile,2026-06-08T18:59:00Z
sim_0421,tomato,harvest_ready,nft,104,6.08,2.53,25.18,21.52,67,826,81,15,8,91,low,stable,purdue_greenhouse_tomato_profile,2026-06-08T19:00:00Z
sim_0422,tomato,harvest_ready,nft,117,5.96,2.42,26.28,22.68,67,852,78,16,9,90,low,stable,purdue_greenhouse_tomato_profile,2026-06-08T19:01:00Z
sim_0423,tomato,harvest_ready,nft,115,5.94,2.62,26.45,21.88,73,975,90,16,10,88,low,stable,purdue_greenhouse_tomato_profile,2026-06-08T19:02:00Z
sim_0424,tomato,harvest_ready,nft,99,6.03,2.41,24.56,22.16,68,831,78,17,8,91,low,stable,purdue_greenhouse_tomato_profile,2026-06-08T19:03:00Z
sim_0425,tomato,harvest_ready,nft,99,6.03,2.42,24.47,22.09,66,843,78,17,8,91,low,stable,purdue_greenhouse_tomato_profile,2026-06-08T19:04:00Z
sim_0426,tomato,harvest_ready,nft,107,6.39,2.95,28.47,19.06,59,770,100,14,39,55,medium,warning,purdue_greenhouse_tomato_profile,2026-06-08T19:05:00Z
sim_0427,tomato,harvest_ready,nft,101,6.41,2.13,22.14,24.33,58,1077,98,14,35,60,medium,warning,purdue_greenhouse_tomato_profile,2026-06-08T19:06:00Z
sim_0428,tomato,harvest_ready,nft,116,6.47,2.95,22.19,20.21,83,732,100,18,37,57,medium,warning,purdue_greenhouse_tomato_profile,2026-06-08T19:07:00Z
sim_0429,tomato,harvest_ready,nft,102,6.51,2.25,21.65,23.74,79,778,72,14,34,61,medium,warning,purdue_greenhouse_tomato_profile,2026-06-08T19:08:00Z
sim_0430,tomato,harvest_ready,nft,100,5.47,2.1,28.52,23.65,81,733,72,15,38,56,medium,warning,purdue_greenhouse_tomato_profile,2026-06-08T19:09:00Z
sim_0431,tomato,harvest_ready,nft,101,7.1,1.85,18.71,26.01,52,517,59,13,70,20,high,critical,purdue_greenhouse_tomato_profile,2026-06-08T19:10:00Z
sim_0432,tomato,harvest_ready,nft,116,6.62,1.61,31.54,16.95,51,1200,52,19,71,18,high,critical,purdue_greenhouse_tomato_profile,2026-06-08T19:11:00Z
sim_0433,tomato,harvest_ready,nft,106,5.33,1.94,28.99,16.97,47,1200,100,19,59,32,medium,warning,purdue_greenhouse_tomato_profile,2026-06-08T19:12:00Z
sim_0434,tomato,harvest_ready,nft,107,6.97,3.31,19.16,18.7,45,574,49,12,75,14,high,critical,purdue_greenhouse_tomato_profile,2026-06-08T19:13:00Z
sim_0435,tomato,harvest_ready,nft,97,7.03,1.93,30.47,18.58,88,562,61,12,67,23,high,critical,purdue_greenhouse_tomato_profile,2026-06-08T19:14:00Z
sim_0436,tomato,harvest_ready,dwc,101,6.14,2.45,24.64,21.07,72,953,87,17,9,90,low,stable,purdue_greenhouse_tomato_profile,2026-06-08T19:15:00Z
sim_0437,tomato,harvest_ready,dwc,101,6.0,2.59,24.45,22.06,74,821,93,16,8,91,low,stable,purdue_greenhouse_tomato_profile,2026-06-08T19:16:00Z
sim_0438,tomato,harvest_ready,dwc,111,5.98,2.55,23.83,21.03,74,978,87,16,8,91,low,stable,purdue_greenhouse_tomato_profile,2026-06-08T19:17:00Z
sim_0439,tomato,harvest_ready,dwc,106,6.05,2.55,25.73,22.92,65,852,84,15,8,91,low,stable,purdue_greenhouse_tomato_profile,2026-06-08T19:18:00Z
sim_0440,tomato,harvest_ready,dwc,115,5.86,2.59,24.81,21.63,74,960,87,16,8,91,low,stable,purdue_greenhouse_tomato_profile,2026-06-08T19:19:00Z
sim_0441,tomato,harvest_ready,dwc,104,6.4,2.85,21.19,19.3,78,1077,64,18,39,55,medium,warning,purdue_greenhouse_tomato_profile,2026-06-08T19:20:00Z
sim_0442,tomato,harvest_ready,dwc,120,6.45,2.83,27.39,24.28,56,774,98,18,35,60,medium,warning,purdue_greenhouse_tomato_profile,2026-06-08T19:21:00Z
sim_0443,tomato,harvest_ready,dwc,107,5.6,2.86,21.8,20.24,82,771,100,17,34,61,medium,warning,purdue_greenhouse_tomato_profile,2026-06-08T19:22:00Z
sim_0444,tomato,harvest_ready,dwc,96,5.54,2.86,27.51,24.19,82,714,71,14,36,59,medium,warning,purdue_greenhouse_tomato_profile,2026-06-08T19:23:00Z
sim_0445,tomato,harvest_ready,dwc,98,5.62,2.93,28.52,24.78,83,723,100,14,39,55,medium,warning,purdue_greenhouse_tomato_profile,2026-06-08T19:24:00Z
sim_0446,tomato,harvest_ready,dwc,120,5.02,1.67,18.08,18.14,56,505,54,19,75,14,high,critical,purdue_greenhouse_tomato_profile,2026-06-08T19:25:00Z
sim_0447,tomato,harvest_ready,dwc,108,5.11,3.07,18.82,26.8,88,1200,48,20,72,17,high,critical,purdue_greenhouse_tomato_profile,2026-06-08T19:26:00Z
sim_0448,tomato,harvest_ready,dwc,112,6.94,3.25,19.45,26.79,54,1198,100,18,65,25,high,critical,purdue_greenhouse_tomato_profile,2026-06-08T19:27:00Z
sim_0449,tomato,harvest_ready,dwc,101,5.22,1.68,20.75,26.84,48,1180,57,13,68,22,high,critical,purdue_greenhouse_tomato_profile,2026-06-08T19:28:00Z
sim_0450,tomato,harvest_ready,dwc,105,5.32,1.81,31.07,27.07,44,542,100,13,67,23,high,critical,purdue_greenhouse_tomato_profile,2026-06-08T19:29:00Z
sim_0451,tomato,harvest_ready,aeroponics,119,5.91,2.4,23.76,22.05,68,864,78,15,10,88,low,stable,purdue_greenhouse_tomato_profile,2026-06-08T19:30:00Z
sim_0452,tomato,harvest_ready,aeroponics,111,5.93,2.47,24.18,22.91,68,851,80,15,9,90,low,stable,purdue_greenhouse_tomato_profile,2026-06-08T19:31:00Z
sim_0453,tomato,harvest_ready,aeroponics,114,5.85,2.39,23.8,22.92,73,908,79,16,11,87,low,stable,purdue_greenhouse_tomato_profile,2026-06-08T19:32:00Z
sim_0454,tomato,harvest_ready,aeroponics,116,6.09,2.41,23.85,21.04,67,969,87,15,10,88,low,stable,purdue_greenhouse_tomato_profile,2026-06-08T19:33:00Z
sim_0455,tomato,harvest_ready,aeroponics,99,6.0,2.62,25.53,22.7,74,957,78,16,9,90,low,stable,purdue_greenhouse_tomato_profile,2026-06-08T19:34:00Z
sim_0456,tomato,harvest_ready,aeroponics,113,5.53,2.16,28.81,19.59,58,682,100,14,39,55,medium,warning,purdue_greenhouse_tomato_profile,2026-06-08T19:35:00Z
sim_0457,tomato,harvest_ready,aeroponics,116,5.45,2.13,22.29,19.45,80,1042,100,14,38,56,medium,warning,purdue_greenhouse_tomato_profile,2026-06-08T19:36:00Z
sim_0458,tomato,harvest_ready,aeroponics,101,6.43,2.91,21.65,19.72,78,1030,100,14,37,57,medium,warning,purdue_greenhouse_tomato_profile,2026-06-08T19:37:00Z
sim_0459,tomato,harvest_ready,aeroponics,112,5.57,2.93,28.79,19.2,62,753,63,14,40,54,medium,warning,purdue_greenhouse_tomato_profile,2026-06-08T19:38:00Z
sim_0460,tomato,harvest_ready,aeroponics,111,5.55,2.83,21.45,24.99,56,1110,69,18,41,53,medium,warning,purdue_greenhouse_tomato_profile,2026-06-08T19:39:00Z
sim_0461,tomato,harvest_ready,aeroponics,106,5.04,1.71,29.48,25.27,95,569,60,19,70,20,high,critical,purdue_greenhouse_tomato_profile,2026-06-08T19:40:00Z
sim_0462,tomato,harvest_ready,aeroponics,99,5.17,1.7,31.31,17.1,89,1178,54,18,70,20,high,critical,purdue_greenhouse_tomato_profile,2026-06-08T19:41:00Z
sim_0463,tomato,harvest_ready,aeroponics,120,6.82,3.14,18.8,25.71,44,1143,100,19,64,26,high,critical,purdue_greenhouse_tomato_profile,2026-06-08T19:42:00Z
sim_0464,tomato,harvest_ready,aeroponics,117,7.08,3.01,20.64,18.07,96,1173,100,20,64,26,high,critical,purdue_greenhouse_tomato_profile,2026-06-08T19:43:00Z
sim_0465,tomato,harvest_ready,aeroponics,97,6.66,3.2,31.67,16.64,54,1200,100,13,64,26,high,critical,purdue_greenhouse_tomato_profile,2026-06-08T19:44:00Z
sim_0466,tomato,harvest_ready,vertical,99,6.14,2.54,24.94,21.61,68,964,78,16,8,91,low,stable,purdue_greenhouse_tomato_profile,2026-06-08T19:45:00Z
sim_0467,tomato,harvest_ready,vertical,101,5.88,2.41,25.99,22.1,73,881,85,16,7,92,low,stable,purdue_greenhouse_tomato_profile,2026-06-08T19:46:00Z
sim_0468,tomato,harvest_ready,vertical,110,5.89,2.48,23.73,21.75,70,980,88,17,9,90,low,stable,purdue_greenhouse_tomato_profile,2026-06-08T19:47:00Z
sim_0469,tomato,harvest_ready,vertical,108,5.98,2.61,24.95,22.36,67,927,86,15,6,93,low,stable,purdue_greenhouse_tomato_profile,2026-06-08T19:48:00Z
sim_0470,tomato,harvest_ready,vertical,109,6.11,2.56,25.43,22.05,66,852,82,16,7,92,low,stable,purdue_greenhouse_tomato_profile,2026-06-08T19:49:00Z
sim_0471,tomato,harvest_ready,vertical,113,5.64,2.18,28.91,24.77,58,728,100,18,38,56,medium,warning,purdue_greenhouse_tomato_profile,2026-06-08T19:50:00Z
sim_0472,tomato,harvest_ready,vertical,119,6.45,2.13,28.21,24.45,59,722,100,14,38,56,medium,warning,purdue_greenhouse_tomato_profile,2026-06-08T19:51:00Z
sim_0473,tomato,harvest_ready,vertical,117,5.55,2.11,28.57,24.88,79,769,68,14,38,56,medium,warning,purdue_greenhouse_tomato_profile,2026-06-08T19:52:00Z
sim_0474,tomato,harvest_ready,vertical,116,5.64,2.85,28.72,19.41,59,1112,73,18,37,57,medium,warning,purdue_greenhouse_tomato_profile,2026-06-08T19:53:00Z
sim_0475,tomato,harvest_ready,vertical,99,5.67,2.08,21.25,24.53,61,1040,100,18,36,59,medium,warning,purdue_greenhouse_tomato_profile,2026-06-08T19:54:00Z
sim_0476,tomato,harvest_ready,vertical,101,7.01,1.91,18.38,25.76,90,1200,100,13,66,24,high,critical,purdue_greenhouse_tomato_profile,2026-06-08T19:55:00Z
sim_0477,tomato,harvest_ready,vertical,112,6.71,1.74,18.12,16.76,95,1173,57,13,70,20,high,critical,purdue_greenhouse_tomato_profile,2026-06-08T19:56:00Z
sim_0478,tomato,harvest_ready,vertical,103,6.76,1.93,30.87,25.4,90,1200,100,13,59,32,medium,warning,purdue_greenhouse_tomato_profile,2026-06-08T19:57:00Z
sim_0479,tomato,harvest_ready,vertical,102,5.32,1.7,18.78,26.94,45,648,51,12,73,16,high,critical,purdue_greenhouse_tomato_profile,2026-06-08T19:58:00Z
sim_0480,tomato,harvest_ready,vertical,117,6.8,3.09,31.82,18.37,47,1200,100,18,62,29,high,critical,purdue_greenhouse_tomato_profile,2026-06-08T19:59:00Z
